{
  "run_id": "20260213-232130",
  "timestamp": "2026-02-13T23:21:30.925343",
  "overall_scores": {
    "roo-code": 0.6715941961460098,
    "opencode": 0.6271482602862941,
    "continue": 0.5969579947861586,
    "cursor": 0.6310003392586221,
    "factory": 0.638372842812773,
    "aider": 0.6085692988082902,
    "kiro": 0.6193429443580356,
    "copilot": 0.5576295069855717,
    "windsurf": 0.6272442282600074,
    "claude-code": 0.6380671272711368,
    "qodo": 0.6043455970034229,
    "tabnine": 0.4986653658356452,
    "amp": 0.6358529839837255
  },
  "factor_scores": {
    "roo-code": {
      "Code Quality": 0.6328618876886484,
      "Multi-file Understanding": 0.6211303029271987,
      "Execution Loop": 0.7222222222222222,
      "Refactoring": 0.4053831183621937,
      "Testing Capability": 0.6646198831294867,
      "Memory/Context": 0.7683207264065789
    },
    "opencode": {
      "Code Quality": 0.607752280953104,
      "Multi-file Understanding": 0.5919372481714162,
      "Execution Loop": 0.7777777777777778,
      "Refactoring": 0.39620663082864466,
      "Testing Capability": 0.6082963332187952,
      "Memory/Context": 0.5339102592068791
    },
    "continue": {
      "Code Quality": 0.5900519202830168,
      "Multi-file Understanding": 0.552906805783855,
      "Execution Loop": 0.6111111111111112,
      "Refactoring": 0.39570937890182034,
      "Testing Capability": 0.6738773465601419,
      "Memory/Context": 0.5942326374329514
    },
    "cursor": {
      "Code Quality": 0.6173323671967085,
      "Multi-file Understanding": 0.6393645083213882,
      "Execution Loop": 0.6666666666666667,
      "Refactoring": 0.4161834033911093,
      "Testing Capability": 0.701206322222263,
      "Memory/Context": 0.6297123316702623
    },
    "factory": {
      "Code Quality": 0.6229409567003359,
      "Multi-file Understanding": 0.6764062840006503,
      "Execution Loop": 0.6666666666666667,
      "Refactoring": 0.4172933238119909,
      "Testing Capability": 0.7037060967273718,
      "Memory/Context": 0.6270209946937422
    },
    "aider": {
      "Code Quality": 0.5921655461933037,
      "Multi-file Understanding": 0.5989991376313705,
      "Execution Loop": 0.7777777777777778,
      "Refactoring": 0.385784694180488,
      "Testing Capability": 0.6191745890081708,
      "Memory/Context": 0.49585270113115626
    },
    "kiro": {
      "Code Quality": 0.6058057059806605,
      "Multi-file Understanding": 0.6249415683956783,
      "Execution Loop": 0.6666666666666667,
      "Refactoring": 0.4517145843258049,
      "Testing Capability": 0.7180082236902012,
      "Memory/Context": 0.5546710622120941
    },
    "copilot": {
      "Code Quality": 0.5616473850476622,
      "Multi-file Understanding": 0.6125768615600524,
      "Execution Loop": 0.6111111111111112,
      "Refactoring": 0.3619122978408227,
      "Testing Capability": 0.6265712603565828,
      "Memory/Context": 0.45053314667674244
    },
    "windsurf": {
      "Code Quality": 0.6132756226587908,
      "Multi-file Understanding": 0.6685418274025706,
      "Execution Loop": 0.6666666666666667,
      "Refactoring": 0.43677674022895596,
      "Testing Capability": 0.6769141362842324,
      "Memory/Context": 0.5858732387147375
    },
    "claude-code": {
      "Code Quality": 0.6327286275495843,
      "Multi-file Understanding": 0.594363937101658,
      "Execution Loop": 0.7222222222222222,
      "Refactoring": 0.4257787336329878,
      "Testing Capability": 0.7207758243156017,
      "Memory/Context": 0.6030679881970279
    },
    "qodo": {
      "Code Quality": 0.6028863007110675,
      "Multi-file Understanding": 0.5796615728794596,
      "Execution Loop": 0.6111111111111112,
      "Refactoring": 0.4333293747404401,
      "Testing Capability": 0.7430408165772059,
      "Memory/Context": 0.5835019991664093
    },
    "tabnine": {
      "Code Quality": 0.5069119215549438,
      "Multi-file Understanding": 0.5288578572764729,
      "Execution Loop": 0.5,
      "Refactoring": 0.3512771532153849,
      "Testing Capability": 0.5772495870790105,
      "Memory/Context": 0.44156728213454277
    },
    "amp": {
      "Code Quality": 0.6285061041509016,
      "Multi-file Understanding": 0.6275800989008938,
      "Execution Loop": 0.7222222222222222,
      "Refactoring": 0.4161321814537927,
      "Testing Capability": 0.7059255507776785,
      "Memory/Context": 0.5785282150163126
    }
  },
  "results_count": 104
}